,ColumnName.LEVEL_TYPE,ColumnName.LEVEL,ColumnName.TYPE,ColumnName.NUM_OBJECTS,ColumnName.HAS_NOVEL_OBJECT,ColumnName.MAX_REWARD_DIFFERENCE,ColumnName.AVG_REWARD_DIFFERENCE,ColumnName.MAX_PDDL_INCONSISTENCY,ColumnName.AVG_PDDL_INCONSISTENCY,ColumnName.GROUND_TRUTH,ColumnName.PASS
0,0.247,0,247,12,0,0.5471238319998797,0.5471238319998797,35.12535935049694,35.12535935049694,0,0
1,0.247,0,247,8,0,0.6089743721261105,0.6089743721261105,0.0,0.0,0,1
2,0.247,0,247,8,1,0.4612139729906378,0.4612139729906378,1000.0,1000.0,0,0
3,0.247,0,247,9,0,0.37637195465708584,0.37637195465708584,0.0,0.0,0,1
4,0.247,0,247,12,1,0.4651312577500424,0.4651312577500424,1000.0,1000.0,0,1
5,0.247,0,247,12,0,0.13923712312055037,0.13923712312055037,0.0,0.0,0,1
6,0.247,0,247,12,0,0.5500180721282959,0.5500180721282959,40.12673297611842,40.12673297611842,0,0
7,0.247,0,247,9,0,0.5435696840286255,0.5435696840286255,25.788356241372004,25.788356241372004,0,0
8,0.247,0,247,9,0,0.13408116758989885,0.13408116758989885,0.0,0.0,0,1
9,0.247,0,247,12,0,0.17556704818082258,0.17556704818082258,0.0,0.0,0,1
10,0.247,0,247,9,0,0.4671938764824948,0.4671938764824948,0.0,0.0,0,1
11,0.247,0,247,11,0,0.5011150240898132,0.5011150240898132,16.540572384901264,16.540572384901264,0,0
12,0.247,0,247,10,1,0.5270403373017392,0.5270403373017392,1000.0,1000.0,0,1
13,0.247,0,247,10,0,0.474945818163403,0.474945818163403,0.0,0.0,0,1
14,0.247,0,247,11,1,0.5085263252258301,0.5085263252258301,1000.0,1000.0,0,0
15,0.247,0,247,10,0,0.4462715732827267,0.4462715732827267,0.0,0.0,0,1
16,0.247,0,247,12,0,0.08643941343950823,0.08643941343950823,0.0,0.0,0,1
17,0.247,0,247,11,0,0.4716170999699601,0.4716170999699601,29.941819416740696,29.941819416740696,0,0
18,0.247,0,247,8,0,0.5276674628257751,0.5276674628257751,32.4821456993076,32.4821456993076,0,0
19,0.247,0,247,12,1,0.5850611494745392,0.5850611494745392,1000.0,1000.0,0,0
20,0.234,0,234,10,0,0.5341064929962158,0.5341064929962158,50.0,50.0,0,0
21,0.234,0,234,7,0,0.6580112027897915,0.6580112027897915,30.856570347419996,30.856570347419996,0,1
22,0.234,0,234,10,0,0.39361533522605896,0.39361533522605896,34.433273426427,34.433273426427,0,0
23,0.234,0,234,8,0,0.49726467233972893,0.49726467233972893,46.170270377010006,46.170270377010006,0,1
24,0.234,0,234,9,0,0.43834928152705044,0.43834928152705044,0.0,0.0,0,1
25,0.234,0,234,11,0,0.012282473456140308,0.012282473456140308,22.896533927725827,22.896533927725827,0,1
26,0.234,0,234,8,0,0.44893399355555386,0.44893399355555386,0.0,0.0,0,1
27,0.234,0,234,11,0,0.06908242167162493,0.06908242167162493,0.0,0.0,0,1
28,0.234,0,234,11,0,0.3696538555398068,0.3696538555398068,17.757748824165,17.757748824165,0,1
29,0.234,0,234,11,0,0.4574322449936947,0.4574322449936947,0.0,0.0,0,1
30,0.234,0,234,11,0,0.41637489674235195,0.41637489674235195,0.0,0.0,0,1
31,0.234,0,234,11,0,0.4451876240243544,0.4451876240243544,50.0,50.0,0,0
32,0.234,0,234,10,0,0.12406901777910784,0.12406901777910784,25.792138994750193,25.792138994750193,0,1
33,0.234,0,234,9,0,0.2856893837451935,0.2856893837451935,0.0,0.0,0,0
34,0.234,0,234,10,0,0.3891192674636841,0.3891192674636841,0.0,0.0,0,0
35,0.234,0,234,10,0,0.41309687969828457,0.41309687969828457,0.0,0.0,0,1
36,0.234,0,234,8,0,0.4732742655053219,0.4732742655053219,13.457264403440616,13.457264403440616,0,1
37,0.234,0,234,9,0,0.4057205664887509,0.4057205664887509,0.0,0.0,0,1
38,0.234,0,234,9,0,0.5813393342270932,0.5813393342270932,43.19029197989999,43.19029197989999,0,1
39,0.234,0,234,7,0,0.5213930952324948,0.5213930952324948,0.0,0.0,0,1
40,0.253,0,253,14,0,0.46130922911311,0.46130922911311,0.0,0.0,0,1
41,0.253,0,253,14,1,0.4262329638004303,0.4262329638004303,1000.0,1000.0,0,0
42,0.253,0,253,12,0,0.033375399697546215,0.033375399697546215,0.0,0.0,0,0
43,0.253,0,253,11,0,0.39493242380762905,0.39493242380762905,0.0,0.0,0,1
44,0.253,0,253,14,0,0.4715929627418518,0.4715929627418518,49.7662667278853,49.7662667278853,0,0
45,0.253,0,253,11,0,0.010800021279577465,0.010800021279577465,0.0,0.0,0,0
46,0.253,0,253,10,0,0.979801110591662,0.979801110591662,0.0,0.0,0,1
47,0.253,0,253,12,0,0.4722912657036862,0.4722912657036862,0.0,0.0,0,1
48,0.253,0,253,13,1,0.9445050280950189,0.9445050280950189,1000.0,1000.0,0,1
49,0.253,0,253,11,0,0.44406402111053467,0.44406402111053467,50.0,50.0,0,0
50,0.253,0,253,10,1,0.5442376732826233,0.5442376732826233,1000.0,1000.0,0,0
51,0.253,0,253,13,0,0.40297428248072475,0.40297428248072475,0.0,0.0,0,1
52,0.253,0,253,10,0,0.4204058842890105,0.4204058842890105,50.0,50.0,0,0
53,0.253,0,253,12,0,0.3669380295052609,0.3669380295052609,0.0,0.0,0,1
54,0.253,0,253,10,1,0.5640681982040405,0.5640681982040405,1000.0,1000.0,0,0
55,0.253,0,253,12,1,0.4723714590072632,0.4723714590072632,1000.0,1000.0,0,0
56,0.253,0,253,10,0,0.031086581338171215,0.031086581338171215,50.0,50.0,0,0
57,0.253,0,253,13,1,0.5634353160858154,0.5634353160858154,1000.0,1000.0,0,0
58,0.253,0,253,11,0,0.3780559050812802,0.3780559050812802,0.0,0.0,0,1
59,0.253,0,253,10,0,0.6487488496079525,0.6487488496079525,0.0,0.0,0,0
60,0.245,0,245,10,0,0.4810310947671017,0.4810310947671017,26.604015157737006,26.604015157737006,0,1
61,0.245,0,245,13,0,0.4741474139466366,0.4741474139466366,23.63365067021999,23.63365067021999,0,1
62,0.245,0,245,9,0,0.6547183143868527,0.6547183143868527,0.0,0.0,0,0
63,0.245,0,245,12,0,0.4218589412942013,0.4218589412942013,21.638103806753993,21.638103806753993,0,1
64,0.245,0,245,10,1,0.4656381356492123,0.4656381356492123,1000.0,1000.0,0,1
65,0.245,0,245,11,1,0.4483099329247555,0.4483099329247555,1000.0,1000.0,0,1
66,0.245,0,245,12,0,0.43751970408106655,0.43751970408106655,0.0,0.0,0,0
67,0.245,0,245,10,0,0.5707148659005246,0.5707148659005246,0.0,0.0,0,0
68,0.245,0,245,10,0,0.018772649157766552,0.018772649157766552,0.0,0.0,0,0
69,0.245,0,245,12,0,0.4281667220368466,0.4281667220368466,22.39050658050001,22.39050658050001,0,1
70,0.245,0,245,13,0,0.46720439195632935,0.46720439195632935,0.0,0.0,0,0
71,0.245,0,245,13,0,0.24060249222492253,0.24060249222492253,28.391103977332495,28.391103977332495,0,0
72,0.245,0,245,11,0,0.42302170870447964,0.42302170870447964,27.544506303293996,27.544506303293996,0,1
73,0.245,0,245,10,0,0.3536304077455953,0.3536304077455953,100.0,100.0,0,0
74,0.245,0,245,10,0,0.3435668098702511,0.3435668098702511,24.15096921221102,24.15096921221102,0,1
75,0.245,0,245,10,0,0.4581463682427487,0.4581463682427487,0.0,0.0,0,0
76,0.245,0,245,11,0,0.470703874804028,0.470703874804028,0.0,0.0,0,1
77,0.245,0,245,12,1,0.494220495223999,0.494220495223999,1000.0,1000.0,0,0
78,0.245,0,245,9,0,0.003123121846441479,0.003123121846441479,0.0,0.0,0,0
79,0.245,0,245,9,0,0.07831959189104631,0.07831959189104631,0.0,0.0,0,0
80,0.255,0,255,11,0,0.5232944488525391,0.5232944488525391,28.586353371089768,28.586353371089768,0,0
81,0.255,0,255,10,0,0.5036214041485867,0.5036214041485867,13.983191544605855,13.983191544605855,0,1
82,0.255,0,255,9,0,0.6146993088498196,0.6146993088498196,0.0,0.0,0,1
83,0.255,0,255,12,0,0.10700457035375044,0.10700457035375044,0.0,0.0,0,1
84,0.255,0,255,12,0,0.46950164911890835,0.46950164911890835,0.0,0.0,0,1
85,0.255,0,255,8,0,0.12783904610944197,0.12783904610944197,0.0,0.0,0,1
86,0.255,0,255,10,0,0.42366856153829635,0.42366856153829635,29.196811613976486,29.196811613976486,0,0
87,0.255,0,255,10,0,0.013535695660833569,0.013535695660833569,0.0,0.0,0,1
88,0.255,0,255,8,0,0.007241649042840748,0.007241649042840748,0.0,0.0,0,1
89,0.255,0,255,11,0,0.0403419560306032,0.0403419560306032,0.0,0.0,0,1
90,0.255,0,255,8,0,0.4738003611564636,0.4738003611564636,23.00080141063275,23.00080141063275,0,0
91,0.255,0,255,9,0,0.09947146712613508,0.09947146712613508,0.0,0.0,0,1
92,0.255,0,255,11,0,0.6199392425789914,0.6199392425789914,0.0,0.0,0,1
93,0.255,0,255,11,0,0.038348870862249584,0.038348870862249584,0.0,0.0,0,1
94,0.255,0,255,8,0,0.33235520124435425,0.33235520124435425,32.22435595302,32.22435595302,0,0
95,0.255,0,255,10,0,0.5128554105758667,0.5128554105758667,44.74404264256578,44.74404264256578,0,0
96,0.255,0,255,11,0,0.0727489417903383,0.0727489417903383,0.0,0.0,0,1
97,0.255,0,255,10,0,0.4825414154461182,0.4825414154461182,21.143251656467996,21.143251656467996,0,0
98,0.255,0,255,11,0,0.1185391121990721,0.1185391121990721,0.0,0.0,0,1
99,0.255,0,255,11,0,0.7444956648125729,0.7444956648125729,0.0,0.0,0,1
100,0.256,0,256,8,0,0.432341712813467,0.432341712813467,0.0,0.0,0,0
101,0.256,0,256,8,1,0.4906325340270996,0.4906325340270996,1000.0,1000.0,0,0
102,0.256,0,256,9,1,0.5932973623275757,0.5932973623275757,1000.0,1000.0,0,0
103,0.256,0,256,8,1,0.6152498126029968,0.6152498126029968,1000.0,1000.0,0,0
104,0.256,0,256,10,0,0.48107759063486766,0.48107759063486766,0.0,0.0,0,0
105,0.256,0,256,10,1,0.4388611662163815,0.4388611662163815,1000.0,1000.0,0,1
106,0.256,0,256,10,0,0.5141749382019043,0.5141749382019043,0.0,0.0,0,0
107,0.256,0,256,12,0,0.38624716055617253,0.38624716055617253,5.670561159656382,5.670561159656382,0,0
108,0.256,0,256,12,1,0.580612063407898,0.580612063407898,1000.0,1000.0,0,0
109,0.256,0,256,9,0,0.4544803249611935,0.4544803249611935,0.0,0.0,0,1
110,0.256,0,256,8,0,0.6336108791604123,0.6336108791604123,0.0,0.0,0,1
111,0.256,0,256,12,0,0.5399768352508545,0.5399768352508545,50.0,50.0,0,0
112,0.256,0,256,8,1,0.032813233744378834,0.032813233744378834,1000.0,1000.0,0,1
113,0.256,0,256,9,1,0.42894288897514343,0.42894288897514343,1000.0,1000.0,0,0
114,0.256,0,256,12,1,0.5943065049268608,0.5943065049268608,1000.0,1000.0,0,0
115,0.256,0,256,8,0,0.5319180488586426,0.5319180488586426,0.0,0.0,0,0
116,0.256,0,256,11,0,0.455821369863995,0.455821369863995,0.0,0.0,0,1
117,0.256,0,256,12,0,0.5614753904965228,0.5614753904965228,13.355123687425614,13.355123687425614,0,0
118,0.256,0,256,11,1,0.051213247191186695,0.051213247191186695,1000.0,1000.0,0,1
119,0.256,0,256,11,0,0.4089650261178097,0.4089650261178097,0.0,0.0,0,1
120,0.257,0,257,14,0,0.0012758201472719,0.0012758201472719,18.026006889567807,18.026006889567807,0,1
121,0.257,0,257,12,1,0.11409497373064004,0.11409497373064004,1000.0,1000.0,0,1
122,0.257,0,257,15,0,0.36902329676464923,0.36902329676464923,17.0966957844951,17.0966957844951,0,0
123,0.257,0,257,14,0,0.019323033701654224,0.019323033701654224,0.0,0.0,0,1
124,0.257,0,257,11,0,0.25996586930975835,0.25996586930975835,87.5,87.5,0,0
125,0.257,0,257,12,0,0.0472275441997011,0.0472275441997011,0.0,0.0,0,1
126,0.257,0,257,12,0,0.03881035507845476,0.03881035507845476,16.890194006297996,16.890194006297996,0,1
127,0.257,0,257,13,0,0.03942944346738264,0.03942944346738264,21.36236046847057,21.36236046847057,0,1
128,0.257,0,257,12,1,0.10638837279009417,0.10638837279009417,1000.0,1000.0,0,1
129,0.257,0,257,13,0,0.07227144898104265,0.07227144898104265,26.853244382529834,26.853244382529834,0,1
130,0.257,0,257,13,0,0.08362933165005948,0.08362933165005948,34.0311694754076,34.0311694754076,0,1
131,0.257,0,257,15,0,0.019133550535913257,0.019133550535913257,0.0,0.0,0,1
132,0.257,0,257,14,0,0.02529062568021223,0.02529062568021223,14.996591263474203,14.996591263474203,0,1
133,0.257,0,257,11,0,0.10762218893694475,0.10762218893694475,0.0,0.0,0,1
134,0.257,0,257,11,1,0.08303741873430803,0.08303741873430803,1000.0,1000.0,0,1
135,0.257,0,257,11,1,0.5523038506507874,0.5523038506507874,1000.0,1000.0,0,0
136,0.257,0,257,12,0,0.2691027522087097,0.2691027522087097,0.0,0.0,0,0
137,0.257,0,257,15,1,0.1563259237892668,0.1563259237892668,1000.0,1000.0,0,1
138,0.257,0,257,14,0,0.048998517405267505,0.048998517405267505,27.365129094276334,27.365129094276334,0,1
139,0.257,0,257,13,0,0.08621369064974382,0.08621369064974382,20.330553105439204,20.330553105439204,0,1
140,0.244,0,244,17,0,0.35710414362708376,0.35710414362708376,15.878890670984104,15.878890670984104,0,0
141,0.244,0,244,13,0,0.3619307402805098,0.3619307402805098,35.04036785201549,35.04036785201549,0,0
142,0.244,0,244,16,1,0.5322234630584717,0.5322234630584717,1000.0,1000.0,0,0
143,0.244,0,244,16,0,0.4928435390238474,0.4928435390238474,0.0,0.0,0,0
144,0.244,0,244,14,0,0.011611869144156711,0.011611869144156711,58.33333333333333,58.33333333333333,0,0
145,0.244,0,244,14,1,1.004333287359581,1.004333287359581,1000.0,1000.0,0,1
146,0.244,0,244,16,0,0.4998586688975552,0.4998586688975552,19.365728572565104,19.365728572565104,0,0
147,0.244,0,244,15,0,0.44580431024587236,0.44580431024587236,36.85150554042781,36.85150554042781,0,0
148,0.244,0,244,14,0,0.46113921443975053,0.46113921443975053,30.873487301498432,30.873487301498432,0,0
149,0.244,0,244,15,0,0.48245009830042823,0.48245009830042823,15.431026847012102,15.431026847012102,0,0
150,0.244,0,244,13,0,0.2792617397421545,0.2792617397421545,60.0,60.0,0,0
151,0.244,0,244,17,0,0.4539658437261006,0.4539658437261006,26.390300372478002,26.390300372478002,0,0
152,0.244,0,244,16,0,0.20875715820301177,0.20875715820301177,0.0,0.0,0,1
153,0.244,0,244,17,1,0.33542587713483063,0.33542587713483063,1000.0,1000.0,0,1
154,0.244,0,244,14,0,0.337843120098114,0.337843120098114,17.578607402491237,17.578607402491237,0,0
155,0.244,0,244,16,0,0.47302581111943803,0.47302581111943803,29.639846866805474,29.639846866805474,0,0
156,0.244,0,244,16,0,0.34645593275420156,0.34645593275420156,36.30324798468451,36.30324798468451,0,0
157,0.244,0,244,16,0,0.39336034947403814,0.39336034947403814,57.14285714285714,57.14285714285714,0,0
158,0.244,0,244,16,0,0.16671968874190846,0.16671968874190846,0.0,0.0,0,1
159,0.244,0,244,15,1,0.3380621408732308,0.3380621408732308,1000.0,1000.0,0,0
160,0.252,0,252,14,0,0.6954428277961342,0.6954428277961342,0.0,0.0,0,1
161,0.252,0,252,13,1,0.16699431955991229,0.16699431955991229,1000.0,1000.0,0,1
162,0.252,0,252,17,0,0.4999536437403436,0.4999536437403436,50.0,50.0,0,0
163,0.252,0,252,14,1,0.26944671557989597,0.26944671557989597,1000.0,1000.0,0,1
164,0.252,0,252,17,1,0.3362392473645309,0.3362392473645309,1000.0,1000.0,0,0
165,0.252,0,252,15,0,0.2737868530813947,0.2737868530813947,17.59243109486401,17.59243109486401,0,0
166,0.252,0,252,15,0,0.24176766404294356,0.24176766404294356,50.0,50.0,0,0
167,0.252,0,252,15,0,0.03335724757757663,0.03335724757757663,0.0,0.0,0,1
168,0.252,0,252,15,1,0.03786091493216037,0.03786091493216037,1000.0,1000.0,0,1
169,0.252,0,252,17,0,0.5593373438253129,0.5593373438253129,11.74335949519082,11.74335949519082,0,1
170,0.252,0,252,15,1,0.09284858392324924,0.09284858392324924,1000.0,1000.0,0,1
171,0.252,0,252,14,0,0.5755435846797554,0.5755435846797554,0.0,0.0,0,1
172,0.252,0,252,17,0,0.5322863481990425,0.5322863481990425,0.0,0.0,0,1
173,0.252,0,252,13,0,0.13396970914450168,0.13396970914450168,0.0,0.0,0,1
174,0.252,0,252,13,0,0.8563844882003395,0.8563844882003395,0.0,0.0,0,1
175,0.252,0,252,17,0,0.3858317100211727,0.3858317100211727,19.400903666200335,19.400903666200335,0,0
176,0.252,0,252,15,0,0.7430864041330316,0.7430864041330316,10.288237259307463,10.288237259307463,0,1
177,0.252,0,252,16,0,0.13673891113844394,0.13673891113844394,0.0,0.0,0,1
178,0.252,0,252,17,0,0.1385603992804575,0.1385603992804575,11.102719679816364,11.102719679816364,0,1
179,0.252,0,252,16,1,0.4891142505566515,0.4891142505566515,1000.0,1000.0,0,0
180,0.227,0,227,10,0,0.03751365603136614,0.024378150701522827,50.0,25.0,0,1
181,0.227,0,227,11,0,0.48906651613856167,0.47104207155848354,22.794926902399993,11.397463451199997,0,1
182,0.227,0,227,11,0,0.477345560766705,0.4597517001404843,22.111699258599998,11.055849629299999,0,1
183,0.227,0,227,11,1,0.474326168276318,0.467224870897778,1000.0,1000.0,0,1
184,0.227,0,227,13,0,0.5198927271142086,0.5137499445564787,50.0,25.0,0,0
185,0.227,0,227,13,0,0.4342152225747189,0.25033239393866263,37.0148562796,18.5074281398,0,1
186,0.227,0,227,11,0,0.5506829368844113,0.30271540193069585,30.257361833299996,15.128680916649998,0,1
187,0.227,0,227,13,1,0.42310891029978603,0.21354735998619206,1000.0,1000.0,0,1
188,0.227,0,227,12,0,0.4868498193993649,0.2478329327646514,0.0,0.0,0,1
189,0.227,0,227,10,0,0.7032941031231961,0.44217736629951604,0.0,0.0,0,1
190,0.227,0,227,12,0,0.365620170809277,0.3595928895249447,22.75858091920003,11.379290459600014,0,1
191,0.227,0,227,13,0,0.4953378486409268,0.25263534097183354,24.44318046379999,12.221590231899995,0,1
192,0.227,0,227,12,0,0.48671445725108,0.2757760968748351,25.099482312200053,12.549741156100026,0,1
193,0.227,0,227,13,1,0.44281530380249023,0.25151523321306907,1000.0,1000.0,0,0
194,0.227,0,227,13,0,0.5124745118393979,0.5073643225207409,22.73449103499999,11.367245517499995,0,1
195,0.227,0,227,10,0,0.6279031979813656,0.399183552546388,36.84606025599999,18.423030127999994,0,1
196,0.227,0,227,11,1,0.07140298425031111,0.049385088074926586,1000.0,1000.0,0,1
197,0.227,0,227,12,0,0.44793561575556606,0.2593636897150298,22.86791052839999,11.433955264199994,0,1
198,0.227,0,227,10,0,0.06156723438573286,0.03864361583066389,39.341893439100005,19.670946719550003,0,1
199,0.227,0,227,12,0,0.40890124440193176,0.26907815902865134,50.0,50.0,0,0
200,22.1,22,1,6,1,0.145184918103185,0.145184918103185,1000.0,1000.0,1,1
201,22.1,22,1,3,1,0.34464559103449777,0.34464559103449777,1000.0,1000.0,1,1
202,22.1,22,1,8,1,0.16830774136514026,0.16830774136514026,1000.0,1000.0,1,1
203,22.1,22,1,7,1,0.47543400526046753,0.47543400526046753,1000.0,1000.0,1,0
204,22.1,22,1,7,1,0.18147119974052395,0.18147119974052395,1000.0,1000.0,1,1
205,22.1,22,1,4,1,0.26528388821878257,0.26528388821878257,1000.0,1000.0,1,1
206,22.1,22,1,7,1,0.27450644498291166,0.27450644498291166,1000.0,1000.0,1,1
207,22.1,22,1,7,1,0.23162182127922393,0.23162182127922393,1000.0,1000.0,1,1
208,22.1,22,1,8,1,0.13095083411204478,0.13095083411204478,1000.0,1000.0,1,1
209,22.1,22,1,3,1,0.1607862966822352,0.1607862966822352,1000.0,1000.0,1,1
210,22.1,22,1,3,1,0.17880632152779052,0.17880632152779052,1000.0,1000.0,1,1
211,22.1,22,1,4,1,0.3016534698528305,0.3016534698528305,1000.0,1000.0,1,1
212,22.1,22,1,5,1,0.2483685981743885,0.2483685981743885,1000.0,1000.0,1,1
213,22.1,22,1,3,1,0.2296719920151783,0.2296719920151783,1000.0,1000.0,1,1
214,22.1,22,1,4,1,0.4204801746692902,0.4204801746692902,1000.0,1000.0,1,1
215,22.1,22,1,7,1,0.20577463086115977,0.20577463086115977,1000.0,1000.0,1,1
216,22.1,22,1,7,1,0.20760661457931484,0.20760661457931484,1000.0,1000.0,1,1
217,22.1,22,1,6,1,0.08351383482784946,0.08351383482784946,1000.0,1000.0,1,1
218,22.1,22,1,3,1,0.25155749917030334,0.25155749917030334,1000.0,1000.0,1,0
219,22.1,22,1,8,1,0.2770483176915747,0.2770483176915747,1000.0,1000.0,1,1
220,22.1,22,1,3,1,0.2323915769744933,0.2323915769744933,1000.0,1000.0,1,1
221,22.1,22,1,5,1,0.13149379080292256,0.13149379080292256,1000.0,1000.0,1,1
222,22.1,22,1,4,1,0.09578118255890677,0.09578118255890677,1000.0,1000.0,1,1
223,22.1,22,1,7,1,0.2884944208946473,0.2884944208946473,1000.0,1000.0,1,1
224,22.1,22,1,5,1,0.19753308996602403,0.19753308996602403,1000.0,1000.0,1,1
225,22.1,22,1,4,1,0.38643412078287664,0.38643412078287664,1000.0,1000.0,1,1
226,22.1,22,1,5,1,0.14063515887769817,0.14063515887769817,1000.0,1000.0,1,1
227,22.1,22,1,8,1,0.2939815738788344,0.2939815738788344,1000.0,1000.0,1,1
228,22.1,22,1,8,1,0.2168028960124203,0.2168028960124203,1000.0,1000.0,1,1
229,22.1,22,1,7,1,0.04324084148916363,0.04324084148916363,1000.0,1000.0,1,1
230,0.223,0,223,10,0,0.4793090224266052,0.4793090224266052,42.405360498,42.405360498,0,0
231,0.223,0,223,10,0,0.0755485468990843,0.0755485468990843,35.2461724524,35.2461724524,0,1
232,0.223,0,223,8,0,0.4958246695771298,0.4958246695771298,0.0,0.0,0,1
233,0.223,0,223,7,1,0.16381870210170746,0.16381870210170746,1000.0,1000.0,0,0
234,0.223,0,223,8,0,0.3921662914528927,0.3921662914528927,5.263986067612754,5.263986067612754,0,1
235,0.223,0,223,8,0,0.4403325664773068,0.4403325664773068,0.0,0.0,0,1
236,0.223,0,223,9,0,0.47923139212275356,0.47923139212275356,0.0,0.0,0,1
237,0.223,0,223,10,0,0.01640884815526411,0.01640884815526411,0.0,0.0,0,1
238,0.223,0,223,8,0,0.4957959997429928,0.4957959997429928,0.0,0.0,0,1
239,0.223,0,223,9,0,0.4010099768638611,0.4010099768638611,50.0,50.0,0,0
240,0.223,0,223,9,1,0.5130583691372952,0.5130583691372952,1000.0,1000.0,0,1
241,0.223,0,223,8,0,0.5016287314667782,0.5016287314667782,37.44470598301801,37.44470598301801,0,1
242,0.223,0,223,9,0,0.37011656639719814,0.37011656639719814,0.0,0.0,0,1
243,0.223,0,223,11,1,0.8544924350567789,0.8544924350567789,1000.0,1000.0,0,1
244,0.223,0,223,7,0,0.42549309609080166,0.42549309609080166,10.870392588578202,10.870392588578202,0,1
245,0.223,0,223,7,1,0.42178529500961304,0.42178529500961304,1000.0,1000.0,0,0
246,0.223,0,223,9,0,0.3878329396247864,0.3878329396247864,0.0,0.0,0,0
247,0.223,0,223,11,0,0.521839116789349,0.521839116789349,0.0,0.0,0,1
248,0.223,0,223,9,0,0.10056309164690569,0.10056309164690569,21.04371322140979,21.04371322140979,0,1
249,0.223,0,223,8,0,0.4765276062264523,0.4765276062264523,0.0,0.0,0,1
250,0.232,0,232,13,0,0.5415670871734619,0.2769887957032899,0.0,0.0,0,0
251,0.232,0,232,13,0,0.5163938152566037,0.3324466904829801,26.48959442810002,13.24479721405001,0,1
252,0.232,0,232,9,0,0.539870237089642,0.5047264146580777,23.077606494999998,11.538803247499999,0,1
253,0.232,0,232,10,0,0.539163027979382,0.2764456060472747,22.524577901700013,11.262288950850007,0,1
254,0.232,0,232,13,0,0.45192477581644863,0.4376942562832913,20.63021168099999,10.315105840499996,0,1
255,0.232,0,232,9,0,0.5809313404336056,0.5059797936565916,50.0,25.0,0,0
256,0.232,0,232,10,0,0.535473858095654,0.518483268607382,50.0,25.0,0,0
257,0.232,0,232,13,0,0.5407555822566756,0.48877488930076807,0.0,0.0,0,0
258,0.232,0,232,13,0,0.46659574387217373,0.23994276791250907,23.824055911799974,11.912027955899987,0,1
259,0.232,0,232,13,0,0.4387387978806576,0.42952725765848965,43.07652373760001,21.538261868800006,0,1
260,0.232,0,232,12,0,0.5511692511811337,0.5025356137640516,31.399698282999992,15.699849141499996,0,0
261,0.232,0,232,9,0,0.5845845091118893,0.30976157991397985,26.78270995599999,13.391354977999995,0,1
262,0.232,0,232,12,0,0.5825829255356869,0.551886861301907,45.65341912950001,22.826709564750004,0,1
263,0.232,0,232,12,0,0.353063379503735,0.24777025848067008,24.844609833800007,12.422304916900003,0,1
264,0.232,0,232,12,0,0.493130624294281,0.49086819826436445,50.0,25.0,0,0
265,0.232,0,232,12,0,0.504201029516705,0.2735946735571683,35.082018747400014,17.541009373700007,0,1
266,0.232,0,232,13,0,0.5588789582252502,0.4969435208923857,50.0,25.0,0,0
267,0.232,0,232,13,0,0.5499051378931183,0.2789629694262315,31.996749575600006,15.998374787800003,0,0
268,0.232,0,232,12,0,0.5079888152852139,0.502735723830708,23.465937599799986,11.732968799899993,0,1
269,0.232,0,232,12,0,0.5101489174141964,0.2651936670969785,23.046969340000004,11.523484670000002,0,1
270,0.224,0,224,11,1,0.46490100500727505,0.46490100500727505,1000.0,1000.0,0,1
271,0.224,0,224,10,0,0.37163058397913784,0.37163058397913784,0.0,0.0,0,1
272,0.224,0,224,9,0,0.3837185251488766,0.3837185251488766,21.56129900784,21.56129900784,0,1
273,0.224,0,224,7,0,0.1429466479904692,0.1429466479904692,34.97393928132001,34.97393928132001,0,1
274,0.224,0,224,11,1,0.535421048380383,0.535421048380383,1000.0,1000.0,0,1
275,0.224,0,224,9,0,0.45760682699824184,0.45760682699824184,0.0,0.0,0,1
276,0.224,0,224,8,0,0.033146666873220654,0.033146666873220654,31.511279644199995,31.511279644199995,0,1
277,0.224,0,224,10,0,0.6770105409398159,0.6770105409398159,38.58570523476,38.58570523476,0,1
278,0.224,0,224,10,0,0.38306188583374023,0.38306188583374023,0.0,0.0,0,0
279,0.224,0,224,8,1,0.48799214241648525,0.48799214241648525,1000.0,1000.0,0,1
280,0.224,0,224,9,1,0.5016539144291958,0.5016539144291958,1000.0,1000.0,0,1
281,0.224,0,224,11,0,0.4243727671876034,0.4243727671876034,0.0,0.0,0,1
282,0.224,0,224,9,0,0.48819855330134243,0.48819855330134243,12.3547275171993,12.3547275171993,0,1
283,0.224,0,224,7,0,0.46432629702235073,0.46432629702235073,0.0,0.0,0,1
284,0.224,0,224,11,0,0.3880665647759518,0.3880665647759518,0.0,0.0,0,1
285,0.224,0,224,9,0,0.4011119353547177,0.4011119353547177,0.0,0.0,0,1
286,0.224,0,224,11,1,0.521027361132153,0.521027361132153,1000.0,1000.0,0,1
287,0.224,0,224,9,0,0.42410865900660366,0.42410865900660366,0.0,0.0,0,1
288,0.224,0,224,8,0,0.2958809733390808,0.2958809733390808,39.20210611749001,39.20210611749001,0,0
289,0.224,0,224,7,0,0.4965127753987393,0.4965127753987393,0.0,0.0,0,1
290,0.222,0,222,7,0,0.43514374373102993,0.43514374373102993,0.0,0.0,0,1
291,0.222,0,222,7,0,0.41702691195154995,0.41702691195154995,0.0,0.0,0,1
292,0.222,0,222,8,0,0.6991895782723507,0.6991895782723507,41.306677894619995,41.306677894619995,0,1
293,0.222,0,222,8,0,0.6256215917840084,0.6256215917840084,0.0,0.0,0,1
294,0.222,0,222,9,1,0.4291141378655514,0.4291141378655514,1000.0,1000.0,0,1
295,0.222,0,222,7,0,0.2983802556991577,0.2983802556991577,0.0,0.0,0,0
296,0.222,0,222,9,1,0.07251493395495012,0.07251493395495012,1000.0,1000.0,0,1
297,0.222,0,222,7,0,0.4818414795174679,0.4818414795174679,0.0,0.0,0,1
298,0.222,0,222,8,0,0.20732446014881134,0.20732446014881134,26.48689523856,26.48689523856,0,0
299,0.222,0,222,7,0,0.41177669167518616,0.41177669167518616,50.0,50.0,0,0
300,0.222,0,222,9,0,0.2229054719209671,0.2229054719209671,27.785406845790003,27.785406845790003,0,0
301,0.222,0,222,10,0,0.2892755615487179,0.2892755615487179,0.0,0.0,0,1
302,0.222,0,222,9,0,0.4143455374016842,0.4143455374016842,0.0,0.0,0,1
303,0.222,0,222,11,0,0.4630618440880856,0.4630618440880856,0.0,0.0,0,1
304,0.222,0,222,8,1,0.37228981135035366,0.37228981135035366,1000.0,1000.0,0,1
305,0.222,0,222,10,0,0.4526914107575497,0.4526914107575497,0.0,0.0,0,1
306,0.222,0,222,8,0,0.014395756136651783,0.014395756136651783,38.70702403334999,38.70702403334999,0,1
307,0.222,0,222,8,0,0.4505997049584469,0.4505997049584469,0.0,0.0,0,1
308,0.222,0,222,8,0,0.0557457977421324,0.0557457977421324,15.220517361042958,15.220517361042958,0,1
309,0.222,0,222,10,1,0.4973979341759762,0.4973979341759762,1000.0,1000.0,0,1
310,25.1,25,1,9,0,0.41279494762420654,0.41279494762420654,34.56543050075025,34.56543050075025,1,0
311,25.1,25,1,8,0,0.5839911699295044,0.5839911699295044,29.656172017470606,29.656172017470606,1,0
312,25.1,25,1,7,0,0.014311713587518482,0.014311713587518482,0.0,0.0,1,1
313,25.1,25,1,4,0,0.28915727138519287,0.28915727138519287,50.0,50.0,1,0
314,25.1,25,1,9,0,0.30754288090678517,0.30754288090678517,33.814660808250004,33.814660808250004,1,0
315,25.1,25,1,6,0,0.4915626049041748,0.4915626049041748,46.709463002265984,46.709463002265984,1,0
316,25.1,25,1,6,0,0.2634353222349395,0.2634353222349395,30.60917824771809,30.60917824771809,1,0
317,25.1,25,1,6,0,0.47525733709335327,0.47525733709335327,36.545635253447585,36.545635253447585,1,0
318,25.1,25,1,8,0,0.4331977665424347,0.4331977665424347,19.165610148991203,19.165610148991203,1,0
319,25.1,25,1,8,0,0.5610640048980713,0.5610640048980713,52.17050419462177,52.17050419462177,1,0
320,25.1,25,1,9,0,0.44882747530937195,0.44882747530937195,31.80823454620402,31.80823454620402,1,0
321,25.1,25,1,4,0,0.3549618422985077,0.3549618422985077,50.0,50.0,1,0
322,25.1,25,1,9,0,0.4734711879320833,0.4734711879320833,44.02672361213517,44.02672361213517,1,0
323,25.1,25,1,7,0,0.05388919771837786,0.05388919771837786,34.170811659259506,34.170811659259506,1,1
324,25.1,25,1,8,0,0.3028039297293485,0.3028039297293485,29.002900497966124,29.002900497966124,1,0
325,25.1,25,1,9,0,0.4997231364250183,0.4997231364250183,46.19909268580991,46.19909268580991,1,0
326,25.1,25,1,9,0,0.5680426955223083,0.5680426955223083,50.0,50.0,1,0
327,25.1,25,1,7,0,0.46166542172431946,0.46166542172431946,50.0,50.0,1,0
328,25.1,25,1,7,0,0.023967129599328785,0.023967129599328785,30.731613941545863,30.731613941545863,1,1
329,25.1,25,1,9,0,0.48770856857299805,0.48770856857299805,54.63265071216277,54.63265071216277,1,0
330,25.1,25,1,5,0,0.3721817433834076,0.3721817433834076,50.0,50.0,1,0
331,25.1,25,1,5,0,0.3769242465496063,0.3769242465496063,50.0,50.0,1,0
332,25.1,25,1,9,0,0.48565497195567386,0.48565497195567386,26.521361170017133,26.521361170017133,1,0
333,25.1,25,1,4,0,0.4005069136619568,0.4005069136619568,25.894512284971505,25.894512284971505,1,0
334,25.1,25,1,5,0,0.40795081853866577,0.40795081853866577,35.49076265398141,35.49076265398141,1,0
335,25.1,25,1,9,0,0.3717470914272833,0.3717470914272833,38.92535274637597,38.92535274637597,1,0
336,25.1,25,1,4,0,0.33908504247665405,0.33908504247665405,29.196075147828218,29.196075147828218,1,0
337,25.1,25,1,4,0,0.2807927131652832,0.2807927131652832,44.68075965318164,44.68075965318164,1,0
338,25.1,25,1,8,0,0.4333157530229476,0.4333157530229476,41.21814191748799,41.21814191748799,1,0
339,25.1,25,1,7,0,0.06548760594057634,0.06548760594057634,49.501471188138076,49.501471188138076,1,1
340,24.1,24,1,7,0,0.4027748453393063,0.4027748453393063,0.0,0.0,1,1
341,24.1,24,1,4,0,0.2841722071170807,0.2841722071170807,50.0,50.0,1,0
342,24.1,24,1,7,0,0.42462455294842066,0.42462455294842066,15.055706936312458,15.055706936312458,1,0
343,24.1,24,1,7,0,0.4354403614997864,0.4354403614997864,50.0,50.0,1,0
344,24.1,24,1,9,0,0.49313915925492874,0.49313915925492874,0.0,0.0,1,0
345,24.1,24,1,9,0,0.5247171521186829,0.5247171521186829,0.0,0.0,1,0
346,24.1,24,1,8,0,0.5754892230033875,0.5754892230033875,50.0,50.0,1,0
347,24.1,24,1,5,0,0.5496359651449527,0.5496359651449527,72.22929013883524,72.22929013883524,1,1
348,24.1,24,1,8,0,0.606523871421814,0.606523871421814,50.0,50.0,1,0
349,24.1,24,1,4,0,0.5589955198540768,0.5589955198540768,20.04155575700663,20.04155575700663,1,1
350,24.1,24,1,6,0,0.5687537538781247,0.5687537538781247,53.27497608266564,53.27497608266564,1,1
351,24.1,24,1,8,0,0.45803419188858846,0.45803419188858846,17.551225832757215,17.551225832757215,1,0
352,24.1,24,1,9,0,0.561053991317749,0.561053991317749,50.0,50.0,1,0
353,24.1,24,1,6,0,0.43832945823669434,0.43832945823669434,50.0,50.0,1,0
354,24.1,24,1,7,0,0.4168127407306026,0.4168127407306026,0.0,0.0,1,0
355,24.1,24,1,4,0,0.023385154593710156,0.023385154593710156,0.0,0.0,1,1
356,24.1,24,1,5,0,0.46545547246932983,0.46545547246932983,50.0,50.0,1,0
357,24.1,24,1,6,0,0.5559532642364502,0.5559532642364502,50.0,50.0,1,0
358,24.1,24,1,6,0,0.4446575939655304,0.4446575939655304,50.0,50.0,1,0
359,24.1,24,1,5,0,0.534247636795044,0.534247636795044,50.0,50.0,1,0
360,24.1,24,1,9,0,0.018705206502203198,0.018705206502203198,0.0,0.0,1,1
361,24.1,24,1,4,0,0.03216614066434309,0.03216614066434309,0.0,0.0,1,1
362,24.1,24,1,9,0,0.5710238218307495,0.5710238218307495,0.0,0.0,1,0
363,24.1,24,1,7,0,0.5268938541412354,0.5268938541412354,0.0,0.0,1,0
364,24.1,24,1,9,0,0.48864835034963755,0.48864835034963755,18.03966943249158,18.03966943249158,1,0
365,24.1,24,1,4,0,0.4764988124370575,0.4764988124370575,50.0,50.0,1,0
366,24.1,24,1,6,0,0.8231545877150093,0.8231545877150093,27.257532098385777,27.257532098385777,1,1
367,24.1,24,1,5,0,0.4292176365852356,0.4292176365852356,0.0,0.0,1,0
368,24.1,24,1,9,0,0.4567640411393933,0.4567640411393933,0.0,0.0,1,0
369,24.1,24,1,5,0,0.3659386839699203,0.3659386839699203,18.34065489671588,18.34065489671588,1,0
370,0.243,0,243,12,1,0.6067551992885201,0.6067551992885201,1000.0,1000.0,0,1
371,0.243,0,243,11,0,0.39482460242468576,0.39482460242468576,20.5393056128487,20.5393056128487,0,0
372,0.243,0,243,13,0,0.5671185277453987,0.5671185277453987,0.0,0.0,0,1
373,0.243,0,243,12,0,0.514426843584704,0.514426843584704,33.62952166595276,33.62952166595276,0,0
374,0.243,0,243,14,0,0.09954021857824802,0.09954021857824802,0.0,0.0,0,1
375,0.243,0,243,14,0,0.4370039664908993,0.4370039664908993,18.33274140011821,18.33274140011821,0,0
376,0.243,0,243,14,0,0.2908734129161439,0.2908734129161439,22.187246112815128,22.187246112815128,0,0
377,0.243,0,243,14,0,0.38716355782706,0.38716355782706,24.402297452407204,24.402297452407204,0,0
378,0.243,0,243,14,0,0.3840173361445275,0.3840173361445275,58.33333333333333,58.33333333333333,0,0
379,0.243,0,243,13,0,0.14500839994993686,0.14500839994993686,0.0,0.0,0,1
380,0.243,0,243,14,0,0.3636466082550298,0.3636466082550298,20.993922117179263,20.993922117179263,0,0
381,0.243,0,243,11,0,0.20593664769366993,0.20593664769366993,9.804392651801791,9.804392651801791,0,1
382,0.243,0,243,13,0,0.2839059912250492,0.2839059912250492,50.0,50.0,0,0
383,0.243,0,243,12,0,0.43245369113399534,0.43245369113399534,19.76707307869351,19.76707307869351,0,0
384,0.243,0,243,12,0,0.4180980704422639,0.4180980704422639,62.5,62.5,0,0
385,0.243,0,243,12,0,0.4319615005326672,0.4319615005326672,31.255413291617252,31.255413291617252,0,0
386,0.243,0,243,13,0,0.13400742090302575,0.13400742090302575,11.116011130067415,11.116011130067415,0,1
387,0.243,0,243,12,0,0.29081743489858775,0.29081743489858775,50.0,50.0,0,0
388,0.243,0,243,11,0,0.7014549307075617,0.7014549307075617,0.0,0.0,0,1
389,0.243,0,243,13,0,0.7103638075343697,0.7103638075343697,0.0,0.0,0,1
390,0.233,0,233,13,0,0.18051413954424456,0.16871978105234697,36.43911405440002,18.21955702720001,0,1
391,0.233,0,233,9,0,0.5543815839066586,0.5193912857658903,50.0,25.0,0,0
392,0.233,0,233,10,0,0.6227583932652554,0.496189984071974,50.0,25.0,0,0
393,0.233,0,233,11,0,0.4672294008507809,0.4575819718613705,26.840406906800013,13.420203453400006,0,1
394,0.233,0,233,12,0,0.5157266306653103,0.4724048995859663,50.0,25.0,0,0
395,0.233,0,233,13,0,0.41462913630152554,0.26361576586401664,26.378669892500056,13.189334946250028,0,1
396,0.233,0,233,10,0,0.5481791245713314,0.2803097155634185,0.0,0.0,0,1
397,0.233,0,233,9,0,0.5826645242943844,0.5001590216548931,50.0,25.0,0,0
398,0.233,0,233,9,0,0.5721859383359036,0.3335229864548505,41.57654262130001,20.788271310650003,0,1
399,0.233,0,233,13,0,0.5778467655181885,0.48496623574567244,50.0,25.0,0,0
400,0.233,0,233,10,0,0.5453603267669678,0.4765092903263609,50.0,25.0,0,0
401,0.233,0,233,12,0,0.5143224048390469,0.2877813091706098,23.737427740599998,11.868713870299999,0,1
402,0.233,0,233,11,0,0.4441355348635616,0.25519983743112,50.0,25.0,0,0
403,0.233,0,233,9,0,0.6922114836945614,0.6641152250542721,28.254756028999992,14.127378014499996,0,1
404,0.233,0,233,9,0,0.07298378409075335,0.04480419815706804,21.168849998500008,10.584424999250004,0,1
405,0.233,0,233,10,0,0.48610684750223965,0.2661018779705823,32.45283670500001,16.226418352500005,0,1
406,0.233,0,233,9,0,0.5014189231171688,0.4957143688089888,50.0,25.0,0,0
407,0.233,0,233,9,0,0.5865540253892025,0.4852503710873167,50.0,25.0,0,0
408,0.233,0,233,11,0,0.019635009158376904,0.017262505877737255,23.57659869349999,11.788299346749994,0,1
409,0.233,0,233,9,0,0.3079618811607361,0.2982373622003814,50.0,25.0,0,0
410,0.237,0,237,8,1,0.41853439807891846,0.2267821070495864,1000.0,1000.0,0,0
411,0.237,0,237,8,1,0.6014020192399105,0.33556632308471807,1000.0,1000.0,0,1
412,0.237,0,237,8,1,0.5827169763817868,0.3621930739115537,1000.0,1000.0,0,1
413,0.237,0,237,8,1,0.6027056324257931,0.34592315165508397,1000.0,1000.0,0,1
414,0.237,0,237,8,1,0.5648356425538144,0.3437682649325193,1000.0,1000.0,0,1
415,0.237,0,237,8,1,0.7834474193825802,0.5601871633417647,1000.0,1000.0,0,0
416,0.237,0,237,8,1,0.5108487653508267,0.30832577852714665,1000.0,1000.0,0,1
417,0.237,0,237,8,1,0.5131046772003174,0.4721951484680176,1000.0,1000.0,0,0
418,0.237,0,237,8,1,0.373282790184021,0.2712448325697204,1000.0,1000.0,0,0
419,0.237,0,237,8,1,1.95557489687564,1.95557489687564,1000.0,1000.0,0,1
420,0.237,0,237,8,1,0.5599862682595333,0.3886599799822629,1000.0,1000.0,0,1
421,0.237,0,237,8,1,0.4185878383889279,0.4024693244583647,1000.0,1000.0,0,0
422,0.237,0,237,8,1,0.32102537155151367,0.24470958977377616,1000.0,1000.0,0,0
423,0.237,0,237,8,1,0.5401279926300049,0.5364634865410368,1000.0,1000.0,0,0
424,0.237,0,237,8,1,0.47759661078453064,0.2559986773189286,1000.0,1000.0,0,0
425,0.237,0,237,8,1,0.5415935265793881,0.29992876320517264,1000.0,1000.0,0,1
426,0.237,0,237,8,1,0.4388938248157501,0.26443388431704246,1000.0,1000.0,0,0
427,0.237,0,237,8,1,0.5599776255860409,0.5040935152657072,1000.0,1000.0,0,0
428,0.237,0,237,8,1,0.5809718417897305,0.3133044203947843,1000.0,1000.0,0,1
429,0.237,0,237,8,1,0.5398041057362637,0.4815140265002331,1000.0,1000.0,0,1
430,0.254,0,254,12,0,0.5863249897956848,0.5863249897956848,29.308307488447504,29.308307488447504,0,0
431,0.254,0,254,12,0,0.5789203643798828,0.5789203643798828,33.63177975833027,33.63177975833027,0,0
432,0.254,0,254,12,0,0.5772936174353082,0.5772936174353082,19.18547676816983,19.18547676816983,0,0
433,0.254,0,254,8,0,0.5628954172134399,0.5628954172134399,28.015990854607804,28.015990854607804,0,0
434,0.254,0,254,10,1,0.47886068495515544,0.47886068495515544,1000.0,1000.0,0,0
435,0.254,0,254,8,1,0.474247556102382,0.474247556102382,1000.0,1000.0,0,1
436,0.254,0,254,8,0,0.4065271317958832,0.4065271317958832,22.712737675894203,22.712737675894203,0,0
437,0.254,0,254,10,0,0.5446003675460815,0.5446003675460815,28.040888404584003,28.040888404584003,0,0
438,0.254,0,254,11,0,0.11566632514419706,0.11566632514419706,0.0,0.0,0,1
439,0.254,0,254,12,0,0.17637170304412542,0.17637170304412542,0.0,0.0,0,1
440,0.254,0,254,8,1,0.5769357681274414,0.5769357681274414,1000.0,1000.0,0,0
441,0.254,0,254,12,0,0.6142265796661377,0.6142265796661377,26.451821981410177,26.451821981410177,0,0
442,0.254,0,254,8,1,0.4678723803849414,0.4678723803849414,1000.0,1000.0,0,0
443,0.254,0,254,10,0,0.5265538692474365,0.5265538692474365,32.5519970805432,32.5519970805432,0,0
444,0.254,0,254,9,0,0.5610989332199097,0.5610989332199097,24.944744981449805,24.944744981449805,0,0
445,0.254,0,254,12,0,0.47975649064891296,0.47975649064891296,18.883701603885697,18.883701603885697,0,0
446,0.254,0,254,11,1,0.4394038230563955,0.4394038230563955,1000.0,1000.0,0,0
447,0.254,0,254,11,0,0.1265854139827951,0.1265854139827951,0.0,0.0,0,1
448,0.254,0,254,10,1,0.5287916660308838,0.5287916660308838,1000.0,1000.0,0,0
449,0.254,0,254,10,0,0.4858130216598511,0.4858130216598511,24.245678220946026,24.245678220946026,0,0
450,0.225,0,225,9,1,0.08552585304903582,0.08552585304903582,1000.0,1000.0,0,1
451,0.225,0,225,11,0,0.4294988262429318,0.4294988262429318,0.0,0.0,0,1
452,0.225,0,225,9,0,0.502198402859219,0.502198402859219,0.0,0.0,0,1
453,0.225,0,225,10,0,0.40340129015589565,0.40340129015589565,0.0,0.0,0,1
454,0.225,0,225,8,0,0.0386067801601927,0.0386067801601927,0.0,0.0,0,1
455,0.225,0,225,11,1,0.6723504113926968,0.6723504113926968,1000.0,1000.0,0,1
456,0.225,0,225,10,0,0.5373518466949463,0.5373518466949463,32.74622186274939,32.74622186274939,0,0
457,0.225,0,225,9,0,0.43698761341715664,0.43698761341715664,0.0,0.0,0,1
458,0.225,0,225,11,1,0.44479379532481045,0.44479379532481045,1000.0,1000.0,0,1
459,0.225,0,225,11,0,0.007730168711419849,0.007730168711419849,0.0,0.0,0,1
460,0.225,0,225,9,0,0.43379586935043335,0.43379586935043335,23.61329002208854,23.61329002208854,0,0
461,0.225,0,225,12,0,0.06951276720690325,0.06951276720690325,0.0,0.0,0,1
462,0.225,0,225,9,0,0.12986766039205,0.12986766039205,0.0,0.0,0,1
463,0.225,0,225,9,0,0.06908856095003679,0.06908856095003679,0.0,0.0,0,1
464,0.225,0,225,10,0,0.5329134464263916,0.5329134464263916,29.3197833654777,29.3197833654777,0,0
465,0.225,0,225,9,0,0.49918049573898315,0.49918049573898315,35.2450199802846,35.2450199802846,0,0
466,0.225,0,225,8,1,0.4091973054184994,0.4091973054184994,1000.0,1000.0,0,1
467,0.225,0,225,11,0,0.48876110193873257,0.48876110193873257,0.0,0.0,0,1
468,0.225,0,225,10,0,0.4712233888878903,0.4712233888878903,0.0,0.0,0,1
469,0.225,0,225,12,0,0.3544011461510739,0.3544011461510739,0.0,0.0,0,1
470,23.1,23,1,7,0,0.5460587739944458,0.5054167681820433,85.39641743250002,73.81639952026936,1,0
471,23.1,23,1,5,0,0.4995651590600094,0.4247911745197813,123.1423223191,89.14864086032202,1,0
472,23.1,23,1,9,0,0.4939000592387395,0.46888669143208883,89.3909780884,74.884729408808,1,1
473,23.1,23,1,7,0,0.4878237592949948,0.4629053520932278,144.734459712,72.367229856,1,1
474,23.1,23,1,9,0,0.5878734588623047,0.5556031191237013,50.9366887544,40.033999505561276,1,0
475,23.1,23,1,6,0,0.5551702800537548,0.5281142802608709,95.0134096724,75.74619967541251,1,0
476,23.1,23,1,5,0,0.5889254557862362,0.5111910724527876,57.99002694319995,28.995013471599975,1,0
477,23.1,23,1,6,0,0.572320644833096,0.49930313466859266,230.7189402022,148.41619751643248,1,0
478,23.1,23,1,9,0,0.6073359596505246,0.5699361449533118,347.4111400565,198.70557002825,1,0
479,23.1,23,1,5,0,0.510664527393826,0.3146989753674329,49.997674850600006,37.02840617733923,1,1
480,23.1,23,1,5,0,0.5625970363616943,0.5120030218250792,62.617358809600006,40.72319231672202,1,0
481,23.1,23,1,6,0,0.4443134069442749,0.43131293481700383,100.0,99.38012907899753,1,0
482,23.1,23,1,5,0,0.06795047460866377,0.037733182311058044,60.466702907700025,55.23335145385001,1,1
483,23.1,23,1,9,0,0.48320454359054565,0.4509631287155472,122.69560546180003,103.18591398773978,1,0
484,23.1,23,1,4,0,0.5842300402894101,0.35637524334896215,156.16113221519998,107.50222226155473,1,1
485,23.1,23,1,5,0,0.5438310253396115,0.31411905197609075,83.97942126560002,54.131044238396505,1,1
486,23.1,23,1,7,0,0.5431909769272356,0.4203343048441186,72.55474818274496,69.70874663117249,1,0
487,23.1,23,1,8,0,0.5638220413384405,0.5578673644660135,38.30073079800001,32.16942473096554,1,1
488,23.1,23,1,6,0,0.5475728261246762,0.4576760554201643,194.1896610892,130.47616736781237,1,0
489,23.1,23,1,6,0,0.2505023801214735,0.17427527396750853,64.92866909240809,32.46433454620404,1,1
490,23.1,23,1,6,0,0.6279059397950253,0.42658615097565655,41.824385617499956,31.527039750472074,1,1
491,23.1,23,1,8,0,0.49263437034822005,0.39974282816067175,161.0752266965,105.53761334825,1,0
492,23.1,23,1,5,0,0.5631625997796139,0.5305362814552824,61.9206610704,41.6189627450373,1,0
493,23.1,23,1,4,0,0.44505658745765686,0.2336446580234786,74.14708429740031,55.985689200148414,1,0
494,23.1,23,1,9,0,0.4951023757457733,0.47104585408044264,85.62580390744417,59.069352577409376,1,0
495,23.1,23,1,9,0,2.1196769070908297,2.1196769070908297,113.40164896800785,113.40164896800785,1,1
496,23.1,23,1,7,0,0.5180909888326946,0.49928772232829643,81.9215858912,58.225027545816104,1,0
497,23.1,23,1,6,0,0.16316555440425873,0.1402810490759261,191.2260699598511,120.61303497992554,1,0
498,23.1,23,1,4,0,0.75532718477393,0.5452138444613279,184.2993212790609,103.89613917963045,1,1
499,23.1,23,1,4,0,0.605005507446774,0.4314420854877294,117.16792848356843,99.06486344273428,1,1
500,0.246,0,246,15,0,0.06611184538530901,0.06560028852152422,0.0,0.0,0,1
501,0.246,0,246,14,0,0.48893194641958476,0.4742323891522269,69.72168203220008,50.23641019848004,0,0
502,0.246,0,246,12,0,0.5743083357810974,0.5672741234302521,29.702200690800005,26.169551995914006,0,0
503,0.246,0,246,11,1,0.47818320989608765,0.45777718960118696,1000.0,1000.0,0,0
504,0.246,0,246,13,1,0.4704725742340088,0.2571120771821717,1000.0,1000.0,0,0
505,0.246,0,246,13,0,0.3898271667733273,0.23028380542433463,22.744630756200024,11.372315378100012,0,1
506,0.246,0,246,13,1,0.4558650004639706,0.4105721705479862,1000.0,1000.0,0,0
507,0.246,0,246,15,0,0.4710012334744371,0.42993795901212684,50.69675734130004,36.685075384110725,0,0
508,0.246,0,246,13,0,0.5359594666285755,0.4880163168459099,74.60313860260004,50.94390614380468,0,0
509,0.246,0,246,15,0,0.4544641124978146,0.44634903647543533,70.0572837458,44.875979776626316,0,0
510,0.246,0,246,15,1,0.4877055155888981,0.46229068514855043,1000.0,1000.0,0,0
511,0.246,0,246,13,0,0.22369904917849984,0.12082561782748243,43.5620973076,36.25581840086588,0,0
512,0.246,0,246,13,1,0.5324935189694254,0.27786348749810696,1000.0,1000.0,0,0
513,0.246,0,246,12,0,0.5158907771110535,0.2697434637006501,46.001173870900004,30.018188366699583,0,0
514,0.246,0,246,12,1,0.47785836458206177,0.47090341388059065,1000.0,1000.0,0,0
515,0.246,0,246,13,0,0.5601519526053371,0.3110527399739455,50.0,25.0,0,0
516,0.246,0,246,15,0,0.5499734878540039,0.4757996374256651,53.08911504759999,36.67745642124764,0,0
517,0.246,0,246,14,0,0.4768124568238339,0.4714430022015652,55.01375931144157,42.29445760662077,0,1
518,0.246,0,246,13,0,0.45832759141921997,0.27217207222616874,0.0,0.0,0,0
519,0.246,0,246,11,1,0.39502155780792236,0.36576101183891296,1000.0,1000.0,0,0
520,0.242,0,242,11,1,0.6825536238923153,0.3562795308176299,1000.0,1000.0,0,1
521,0.242,0,242,11,1,0.5397362160458645,0.5140456157698712,1000.0,1000.0,0,1
522,0.242,0,242,9,0,0.024123775351766796,0.015885546803474426,26.11993268819998,13.05996634409999,0,1
523,0.242,0,242,11,0,0.5235604399153788,0.4524627080303272,44.802359842399994,22.401179921199997,0,0
524,0.242,0,242,9,0,0.44895866987849087,0.22957862524498113,34.55764671740002,17.27882335870001,0,1
525,0.242,0,242,10,0,0.5728747844696045,0.4868962043411772,50.0,25.0,0,0
526,0.242,0,242,12,1,0.5467967140450558,0.4673065417892973,1000.0,1000.0,0,0
527,0.242,0,242,11,1,0.4745105504989624,0.4692109697945158,1000.0,1000.0,0,0
528,0.242,0,242,9,1,0.507065151907452,0.26297167807257377,1000.0,1000.0,0,1
529,0.242,0,242,10,0,0.525259792804718,0.2685257304021324,50.0,25.0,0,0
530,0.242,0,242,12,0,0.4701099991798401,0.4681638926267624,50.0,50.0,0,0
531,0.242,0,242,10,1,0.49335813996935696,0.25479640930330955,1000.0,1000.0,0,1
532,0.242,0,242,9,1,0.490842555738934,0.28468849865902074,1000.0,1000.0,0,1
533,0.242,0,242,12,0,0.5787041783332825,0.31998204321229257,21.950200619200018,10.975100309600009,0,0
534,0.242,0,242,12,0,0.031993908297296314,0.01874995231628418,22.61532141340001,11.307660706700005,0,1
535,0.242,0,242,9,0,0.5476088571324429,0.5060154223330061,50.0,25.0,0,0
536,0.242,0,242,12,1,0.5301431762948117,0.5270232307686886,1000.0,1000.0,0,1
537,0.242,0,242,11,0,0.5259017693772396,0.49804030596089766,50.0,25.0,0,0
538,0.242,0,242,12,1,0.5665068971886715,0.3574635347555936,1000.0,1000.0,0,1
539,0.242,0,242,9,0,0.3716714382171631,0.35591840744018555,0.0,0.0,0,0
540,0.226,0,226,12,1,0.5023646326376352,0.5023646326376352,1000.0,1000.0,0,0
541,0.226,0,226,10,0,0.5420770049095154,0.5420770049095154,19.753145444121305,19.753145444121305,0,0
542,0.226,0,226,11,0,0.09824063121152327,0.09824063121152327,27.46324736232695,27.46324736232695,0,0
543,0.226,0,226,12,0,0.004307908426996021,0.004307908426996021,0.0,0.0,0,0
544,0.226,0,226,11,1,0.42951709748375666,0.42951709748375666,1000.0,1000.0,0,0
545,0.226,0,226,10,1,0.5181082487106323,0.5181082487106323,1000.0,1000.0,0,0
546,0.226,0,226,11,0,0.5563676953315735,0.5563676953315735,28.940156294134514,28.940156294134514,0,0
547,0.226,0,226,13,0,0.5059207677841187,0.5059207677841187,22.373288913431693,22.373288913431693,0,0
548,0.226,0,226,10,0,0.5629136311783871,0.5629136311783871,0.0,0.0,0,0
549,0.226,0,226,12,1,0.5079287338032803,0.5079287338032803,1000.0,1000.0,0,0
550,0.226,0,226,11,1,0.4689258337020874,0.4689258337020874,1000.0,1000.0,0,0
551,0.226,0,226,11,1,0.5142942416443905,0.5142942416443905,1000.0,1000.0,0,1
552,0.226,0,226,11,0,0.4576686370148739,0.4576686370148739,53.3052987147405,53.3052987147405,0,1
553,0.226,0,226,9,1,0.4944932460784912,0.4944932460784912,1000.0,1000.0,0,0
554,0.226,0,226,10,0,0.5459824800491333,0.5459824800491333,18.456557360242503,18.456557360242503,0,0
555,0.226,0,226,11,0,0.4675437557473263,0.4675437557473263,0.0,0.0,0,0
556,0.226,0,226,10,0,0.5583423972129822,0.5583423972129822,33.619524904814405,33.619524904814405,0,0
557,0.226,0,226,11,0,0.4339057207107544,0.4339057207107544,21.681081113103005,21.681081113103005,0,0
558,0.226,0,226,12,0,0.4955568313598633,0.4955568313598633,29.381125747500008,29.381125747500008,0,0
559,0.226,0,226,10,1,0.3047720445310798,0.3047720445310798,1000.0,1000.0,0,0
560,0.235,0,235,10,1,0.2736527919769287,0.2483985349535942,1000.0,1000.0,0,0
561,0.235,0,235,11,1,0.07459120215105608,0.04054777086901262,1000.0,1000.0,0,1
562,0.235,0,235,9,1,0.5992081808819851,0.5463528233542523,1000.0,1000.0,0,1
563,0.235,0,235,11,1,0.5720653879418454,0.5106905663402569,1000.0,1000.0,0,0
564,0.235,0,235,11,1,0.692222748972424,0.4250890424679578,1000.0,1000.0,0,1
565,0.235,0,235,11,1,0.5363290905952454,0.5144327753670256,1000.0,1000.0,0,0
566,0.235,0,235,10,1,0.47055235979700893,0.4578004228844723,1000.0,1000.0,0,1
567,0.235,0,235,10,1,0.6012182235717773,0.5222927206642668,1000.0,1000.0,0,0
568,0.235,0,235,13,1,0.48964715478564114,0.2448250290695449,1000.0,1000.0,0,1
569,0.235,0,235,13,1,0.39341864464426846,0.3917776095643124,1000.0,1000.0,0,1
570,0.235,0,235,11,1,0.603009109474667,0.4938566112406294,1000.0,1000.0,0,0
571,0.235,0,235,10,1,0.06921390951799944,0.06546096266436174,1000.0,1000.0,0,1
572,0.235,0,235,13,1,0.5292055380450512,0.30599303038018866,1000.0,1000.0,0,0
573,0.235,0,235,13,1,0.3850014555230221,0.37773693082476467,1000.0,1000.0,0,1
574,0.235,0,235,10,1,0.48013213751459927,0.2596588095854581,1000.0,1000.0,0,1
575,0.235,0,235,12,1,0.013489565910618562,0.00936024340512609,1000.0,1000.0,0,1
576,0.235,0,235,13,1,0.3785126805305481,0.2213337805811187,1000.0,1000.0,0,0
577,0.235,0,235,10,1,0.5092601227536282,0.264442603869325,1000.0,1000.0,0,1
578,0.235,0,235,11,1,0.5252560722603878,0.3170660508374668,1000.0,1000.0,0,1
579,0.235,0,235,13,1,0.5481113540902218,0.30073771744406425,1000.0,1000.0,0,1
580,0.236,0,236,11,0,0.0718782371394594,0.0718782371394594,0.0,0.0,0,1
581,0.236,0,236,9,0,0.1051819317418673,0.1051819317418673,0.0,0.0,0,1
582,0.236,0,236,11,0,0.6011840105056763,0.6011840105056763,50.0,50.0,0,0
583,0.236,0,236,10,0,0.5303730964660645,0.5303730964660645,50.0,50.0,0,0
584,0.236,0,236,8,0,0.46626561880111694,0.46626561880111694,50.0,50.0,0,0
585,0.236,0,236,8,0,0.4838882386684418,0.4838882386684418,50.0,50.0,0,0
586,0.236,0,236,12,0,0.505605161190033,0.505605161190033,50.0,50.0,0,0
587,0.236,0,236,9,0,0.020320760596517773,0.020320760596517773,0.0,0.0,0,1
588,0.236,0,236,12,0,0.518616795539856,0.518616795539856,0.0,0.0,0,0
589,0.236,0,236,11,0,0.6036869883537292,0.6036869883537292,0.0,0.0,0,0
590,0.236,0,236,10,0,0.6095902073159298,0.6095902073159298,0.0,0.0,0,1
591,0.236,0,236,9,0,0.44702050988917064,0.44702050988917064,50.0,50.0,0,0
592,0.236,0,236,8,0,0.07156686722112104,0.07156686722112104,0.0,0.0,0,1
593,0.236,0,236,9,0,0.407407283782959,0.407407283782959,50.0,50.0,0,0
594,0.236,0,236,9,0,0.4038480789972696,0.4038480789972696,0.0,0.0,0,0
595,0.236,0,236,12,0,0.3947266908003244,0.3947266908003244,50.0,50.0,0,0
596,0.236,0,236,9,0,0.45289647579193115,0.45289647579193115,0.0,0.0,0,0
597,0.236,0,236,9,0,0.0778865641467531,0.0778865641467531,0.0,0.0,0,1
598,0.236,0,236,11,0,0.6208484560752363,0.6208484560752363,50.0,50.0,0,0
599,0.236,0,236,12,0,0.005062799838129295,0.005062799838129295,0.0,0.0,0,1
